tenant_id,apartment_id,score
580,742,4
757,2215,4
203,2810,2
705,1486,2
408,2612,4
619,500,2
770,2222,3
286,888,1
121,968,5
923,2947,2
663,895,1
75,1258,3
136,2157,4
183,2056,1
648,38,2
864,2274,4
405,760,2
179,742,3
201,1128,3
212,1618,2
825,1433,4
260,1183,3
984,895,3
854,2386,5
880,228,3
45,1281,2
603,2422,1
701,2647,3
88,2286,4
845,2295,3
480,1287,4
857,2219,5
708,1493,1
885,625,3
202,951,3
492,530,2
840,803,2
956,2358,3
388,182,3
388,2353,4
743,58,3
734,2390,2
455,1688,4
416,992,5
579,108,4
790,225,3
97,2165,1
226,2642,3
612,1961,4
368,1421,2
520,2199,1
804,1748,3
373,1231,4
492,1770,4
783,124,3
322,2049,3
517,2846,3
219,242,5
198,2524,3
716,635,5
473,2876,2
565,2795,2
920,2235,2
549,2793,3
610,1007,2
166,2727,4
354,745,3
17,931,3
555,2268,4
309,1579,3
777,151,2
994,2581,3
933,1594,3
186,803,4
490,322,2
256,1941,3
840,2735,4
662,397,4
441,2325,5
580,2418,4
701,2354,3
668,1136,2
203,476,4
146,326,2
75,483,5
149,980,4
471,2569,2
286,504,5
107,962,3
662,1569,3
671,210,1
583,728,4
584,314,3
320,2041,2
247,2987,4
771,821,3
555,501,4
344,905,4
262,2604,3
273,1116,4
602,2238,1
9,2277,4
314,1538,3
122,446,1
515,613,4
467,1572,3
442,2620,3
750,2196,4
492,1197,4
809,1296,3
692,518,4
872,1363,5
563,2835,1
201,2259,1
335,1923,4
859,2721,2
39,411,2
343,2792,5
631,1212,2
715,795,2
845,2105,5
656,2227,2
656,2084,2
724,1078,2
876,503,3
292,1255,4
640,2639,3
140,2543,4
120,435,4
87,2945,4
608,1587,5
146,743,2
893,1891,1
802,2724,3
177,153,4
181,1354,2
865,1088,3
539,2279,5
903,2685,4
779,562,2
283,1251,2
530,1357,1
463,1548,5
648,1938,4
660,904,2
855,2503,4
41,2863,1
534,536,3
196,1413,2
183,1683,2
448,696,3
187,1070,5
190,1810,5
476,2664,3
375,2539,4
191,267,4
255,2998,3
853,1031,4
883,2036,3
39,1226,4
11,1943,3
376,311,4
69,1382,4
144,1340,3
525,337,2
283,843,3
160,1134,3
128,21,5
18,1807,1
558,2611,3
702,948,5
820,817,3
585,1523,5
237,746,4
533,1617,5
44,452,2
800,1509,3
235,2275,5
147,2646,4
150,2741,2
321,304,2
670,1242,2
388,559,2
155,2195,3
370,2115,3
287,2110,3
109,675,3
184,615,3
109,431,2
847,1270,4
405,2998,1
681,1886,2
406,1809,4
114,158,5
697,818,2
522,2625,3
918,335,4
168,1307,4
960,2300,2
179,426,1
592,184,2
28,114,5
716,122,2
350,814,2
262,579,3
661,184,4
169,2925,2
11,876,3
712,1121,5
102,363,4
553,2019,3
751,2478,1
38,967,2
419,2051,4
951,195,3
871,1057,3
700,786,1
949,1555,2
135,969,3
879,1246,4
326,905,3
1000,934,1
490,1649,1
383,1712,5
836,810,4
130,2101,3
611,1834,4
766,768,5
552,2968,2
72,950,4
894,1703,4
995,896,3
313,1347,4
292,1986,3
107,2880,1
322,1414,5
882,1562,4
992,358,4
347,229,3
232,277,1
633,36,4
946,223,2
915,135,4
518,1810,2
717,493,4
205,578,3
679,253,2
99,2828,4
959,629,2
368,2234,3
785,2598,5
343,2515,2
572,105,4
743,1525,2
270,2440,1
245,1135,4
277,2595,2
485,389,3
692,281,3
553,211,2
199,2015,2
632,2424,2
513,699,4
172,1496,4
971,2927,5
151,2801,3
360,1511,3
91,84,4
495,2365,2
327,1491,2
680,296,4
324,2715,2
347,2843,3
768,2013,4
281,127,2
443,1586,2
509,1008,5
764,1858,4
912,119,4
188,1922,4
239,1487,4
485,1451,5
491,2691,3
107,700,3
922,2250,5
632,1673,4
498,391,3
695,925,1
544,2591,3
261,2834,5
289,1135,1
719,298,3
456,1127,2
65,862,4
266,2337,1
986,823,5
407,1002,3
741,2419,3
99,1326,3
308,2900,3
286,1852,2
441,699,1
365,200,1
281,2387,2
117,215,4
192,71,1
352,1819,3
322,216,1
117,553,2
331,333,2
947,445,2
793,1479,5
413,640,1
444,1532,3
670,664,2
306,203,5
64,2741,4
858,795,2
227,2057,2
514,1835,1
906,1376,1
331,631,3
17,66,4
480,543,4
370,1404,4
374,1420,3
300,264,5
214,1235,3
510,2605,3
552,1916,2
349,2847,1
399,908,3
696,2489,3
498,2525,5
392,949,3
422,475,5
728,1857,3
427,2759,4
31,1159,5
377,268,3
374,1273,4
52,2384,2
369,1172,3
346,2088,3
305,2376,2
400,1289,3
252,2654,4
532,2635,2
994,2992,2
83,866,5
83,1576,2
147,2599,1
454,2524,3
815,649,1
742,76,3
662,1739,5
987,989,3
242,2614,2
624,659,3
87,2323,3
672,2525,5
223,1169,3
905,1551,5
609,735,4
815,2400,2
205,2850,3
413,117,5
620,2279,4
775,910,2
550,2804,2
471,2081,3
456,648,4
225,1140,4
164,1196,2
777,1558,3
345,281,2
993,1457,3
73,1671,2
49,2868,4
284,1189,3
666,1650,2
535,2398,2
56,2841,2
83,102,3
638,1298,2
365,352,2
622,923,3
71,1374,5
649,150,4
40,1027,4
346,435,1
141,891,3
654,494,2
728,1512,2
956,2017,1
886,539,4
567,2896,4
202,1497,4
157,2273,4
706,2499,3
435,2934,4
699,169,3
493,1236,4
534,2040,4
225,1687,4
819,2696,2
576,2017,4
126,2506,2
223,2908,4
440,1354,2
270,998,3
353,18,2
735,608,2
960,2071,3
88,1310,4
313,2495,2
146,2964,1
873,1575,2
316,1045,3
145,287,4
3,2415,2
287,1321,3
356,1061,2
218,2706,4
181,2178,2
959,502,4
419,1513,3
480,809,3
474,46,3
106,2032,5
499,2886,3
846,2099,4
945,292,4
97,243,3
843,611,2
55,213,2
84,2014,2
933,1620,3
270,2076,4
843,798,2
627,2998,2
138,1639,2
74,1069,4
714,1566,2
123,160,4
179,1570,1
687,54,3
110,517,3
579,2853,4
474,701,5
923,2023,4
305,1687,4
992,2121,2
613,2762,3
387,2325,3
713,2091,3
362,550,5
514,2830,4
333,938,2
979,1350,3
737,664,4
589,395,3
595,10,2
348,1947,2
390,2219,1
686,1645,5
471,1559,5
349,1694,1
522,419,5
848,153,3
112,2470,3
788,1060,5
876,2283,4
665,1799,1
74,2786,2
470,320,2
152,2871,2
827,1464,2
459,691,5
210,1091,5
224,1619,2
486,1365,5
775,635,3
216,1760,2
136,1477,4
842,2179,1
59,2449,1
473,1898,4
553,887,4
282,1868,4
45,1871,1
256,1730,3
464,6,2
483,1813,1
35,2748,2
706,328,1
806,2267,5
834,1837,3
368,2653,5
907,1712,4
644,2371,3
910,1854,3
21,1956,2
686,2875,2
344,1702,2
432,195,2
678,2962,3
987,1181,2
283,305,4
333,1808,1
286,1299,2
815,2941,3
704,1081,3
555,2039,3
718,2316,3
744,1055,2
653,629,3
202,2768,2
927,247,5
679,498,2
171,873,1
373,118,4
393,806,4
963,1352,3
777,1166,2
432,2841,2
858,2340,4
290,2265,3
549,926,3
985,1128,3
481,2319,5
500,471,1
153,1268,4
309,2825,4
438,2484,3
607,381,2
109,2982,3
749,2751,2
104,37,5
28,2760,1
892,960,2
692,920,3
230,2860,2
389,1775,2
880,2382,5
614,2956,2
598,1343,4
589,1847,5
217,2184,3
810,718,4
477,548,2
571,1680,3
854,588,1
433,641,4
419,575,3
481,2944,5
711,115,4
400,2466,1
538,2133,5
763,1783,3
188,1295,4
379,1888,4
173,1191,2
848,239,4
831,1992,2
617,26,3
236,2895,1
746,785,4
468,2443,2
757,1417,3
429,2293,5
452,1397,3
347,667,4
367,1094,2
977,1150,4
566,493,3
303,757,3
383,2228,4
617,663,4
570,2758,3
939,2737,1
428,1122,4
995,1710,3
801,2782,2
188,1615,2
742,1336,4
565,1624,3
22,2033,2
19,1022,4
471,1023,3
680,729,4
910,2005,4
301,1210,3
514,899,3
350,1036,1
418,2012,4
714,47,4
330,2888,2
766,1188,2
765,2664,3
144,2675,1
460,502,3
308,1025,4
434,2482,1
350,2009,2
719,305,5
908,380,3
364,1636,2
177,2473,2
409,1924,3
18,1385,4
376,2717,3
850,2831,4
720,1168,3
626,1285,3
499,1146,5
171,1668,1
576,2198,4
175,1501,1
116,376,3
431,1227,3
430,1238,3
221,732,2
306,2920,4
357,517,4
491,1073,2
18,638,4
185,1106,1
487,2837,3
892,955,1
753,2764,1
138,2563,3
662,1406,5
145,652,5
88,2103,2
933,1700,3
555,1899,1
107,742,3
19,861,2
100,2707,2
350,502,2
479,155,2
199,1885,5
207,1129,4
522,1669,1
702,2148,4
634,2439,2
380,1865,2
653,1549,3
54,340,4
697,2804,2
572,156,3
404,2575,4
71,2872,4
419,343,3
748,1293,5
379,2329,3
514,479,5
889,2052,4
553,1588,3
713,2660,3
474,2535,4
98,82,3
367,2683,3
755,2152,1
409,1784,4
537,2070,4
326,130,1
459,1757,3
572,2814,1
408,1673,3
367,572,3
612,103,1
810,2754,1
158,1733,4
796,2839,2
821,1774,2
833,1879,3
182,816,2
266,1240,3
975,198,4
607,2545,3
418,325,3
929,2913,2
832,2447,2
111,1230,3
26,1607,2
12,2264,3
422,1409,4
356,1437,5
569,1517,4
784,1814,2
84,893,3
215,952,5
221,1666,4
653,1001,4
610,2303,4
735,795,3
447,2437,4
749,1356,4
245,2480,2
129,689,1
247,208,3
898,2187,3
949,1918,5
492,2107,4
510,595,3
80,2124,2
819,1260,2
82,1711,4
561,2401,3
95,594,5
654,2169,2
699,863,2
15,1682,4
310,504,3
466,1945,1
590,195,4
980,2154,4
142,2764,1
306,2762,5
459,2113,4
605,2630,4
595,793,2
5,1380,4
156,984,4
14,942,4
548,1027,4
284,5,1
679,2917,5
438,2868,5
148,1244,4
679,1900,1
927,2520,4
687,1547,4
502,2647,3
901,2651,2
610,523,3
316,2499,2
183,2068,3
158,1727,3
457,1895,5
144,1183,2
682,149,4
69,2689,3
922,79,2
956,1355,3
583,2135,3
781,97,3
194,1894,3
361,1254,2
554,1222,4
184,150,3
417,2490,4
687,719,3
135,1374,5
74,987,2
374,1763,5
965,2562,5
83,1723,2
320,2685,4
933,867,4
851,2909,5
716,1058,3
161,1653,2
880,2469,3
883,296,4
455,146,5
411,2502,5
943,1193,4
187,2021,5
266,2117,4
294,1766,2
760,2600,2
570,1112,2
74,605,4
772,1586,5
900,1641,1
621,2602,2
864,850,3
247,1983,3
865,1387,4
368,782,3
472,1030,5
444,2512,2
203,1689,5
649,2068,1
656,1066,4
350,2285,5
448,2501,3
99,1505,3
601,1618,4
696,414,4
922,2658,3
326,92,2
634,289,4
341,231,2
906,226,5
281,429,4
874,324,3
804,902,2
843,2189,5
191,2045,3
127,2754,2
854,1974,3
287,58,4
197,350,2
393,2558,2
567,2836,4
475,555,3
862,2794,4
399,1730,3
953,677,3
934,61,5
861,2059,3
956,2516,5
212,1943,4
868,2542,5
65,1956,5
280,55,3
200,576,3
430,534,5
651,883,1
837,724,3
184,2626,2
685,2623,4
649,1857,2
723,1735,2
755,1272,4
649,2699,4
749,2767,4
55,2415,2
3,2010,5
849,204,2
437,2864,4
615,1817,1
977,1108,2
281,1393,2
343,2725,3
304,523,3
768,1311,4
560,2827,4
763,474,3
530,1995,4
484,1523,1
226,2693,2
12,1287,5
139,2333,5
743,2071,3
209,2311,3
531,1856,4
513,2909,4
945,304,4
381,887,3
849,1701,1
799,621,5
555,2927,4
357,512,4
500,2763,4
73,2030,3
292,1359,2
424,74,4
228,1124,4
460,1925,2
801,2586,4
199,698,2
578,524,1
123,787,2
375,2517,3
645,2819,2
825,463,4
898,2048,3
615,1888,5
69,94,3
715,2130,4
931,1281,4
779,1570,2
871,2409,2
619,1252,3
402,10,3
866,688,2
81,1738,3
773,1477,5
988,1026,1
769,2803,4
103,138,2
680,2484,2
594,1104,1
50,1155,2
710,4,3
219,1240,4
713,790,4
34,1048,3
621,2691,4
841,222,5
538,434,5
856,53,4
638,2791,4
35,581,3
852,171,5
526,1126,3
53,422,2
47,338,3
961,1528,5
450,2880,2
702,2108,2
558,261,1
803,1647,1
249,1257,2
927,2102,4
201,2911,4
779,412,3
596,1637,3
788,1477,3
29,2841,2
427,2113,4
991,2619,1
394,796,2
736,2422,4
813,893,4
264,826,3
677,864,5
674,2547,2
538,485,4
886,2066,5
399,2062,5
916,2058,4
449,2278,3
460,2322,4
85,2100,4
725,838,3
809,1823,3
60,2256,3
32,2159,3
677,1216,2
481,1319,3
199,388,1
235,858,4
326,894,5
260,1016,2
611,980,2
917,2474,1
686,1314,1
949,1758,3
71,1399,5
554,2356,3
408,1836,4
235,349,4
68,486,3
860,1072,3
485,1722,1
237,1203,5
565,2885,4
719,952,3
846,1580,2
774,2752,3
181,2878,3
777,1758,2
408,2852,2
938,2508,4
989,2033,1
649,1032,2
968,526,3
130,745,2
243,2250,3
182,1003,1
342,1731,3
436,1916,3
672,840,3
516,444,5
205,2489,4
781,786,4
985,1461,4
33,250,3
67,966,3
750,101,2
506,2243,3
495,1957,2
828,927,3
99,2049,4
630,457,1
104,1208,4
543,2732,5
787,1656,4
945,631,2
104,2233,3
68,2440,3
696,2897,2
668,142,4
333,2594,5
274,169,2
542,547,4
515,1907,2
822,2212,3
610,50,5
505,610,3
657,2750,2
990,1939,3
802,2239,2
829,509,4
573,2288,4
555,917,5
217,279,4
354,2427,5
447,781,1
687,1769,3
563,257,2
408,991,4
937,1829,4
893,27,5
909,2986,1
226,1033,1
184,1396,4
141,2580,4
984,1838,5
535,997,2
414,252,5
549,1161,2
936,1221,3
314,605,3
165,556,2
590,721,2
508,376,4
102,1267,1
347,1650,4
536,1882,2
129,813,4
349,159,4
53,623,4
824,1402,4
830,788,3
14,456,4
579,2551,4
319,361,2
899,48,2
439,299,2
967,1372,5
890,2498,4
887,1386,4
789,1853,4
567,1200,1
374,178,4
79,2356,3
987,606,3
760,778,4
268,2307,3
510,792,2
193,813,2
774,2944,2
931,2590,4
2,2213,1
908,1839,4
996,1669,4
62,2452,2
242,1536,3
322,1766,1
254,1219,3
790,2553,2
860,1441,5
767,59,5
840,1012,3
631,2245,2
504,521,2
133,2290,4
356,2906,2
712,1234,4
895,612,4
522,2576,4
657,438,2
632,831,5
190,1245,3
592,2644,2
743,295,4
724,415,2
338,1895,4
488,4,3
929,282,1
370,589,2
200,339,2
556,1341,2
865,584,2
69,2750,5
514,2069,1
531,1493,2
172,253,1
94,116,2
207,2194,4
949,617,3
839,1860,3
330,407,3
821,85,1
936,403,2
392,2038,3
244,957,4
578,217,3
324,686,1
55,765,4
52,180,4
796,921,3
195,2362,2
434,2395,3
539,653,5
32,1838,4
992,511,2
715,1189,3
768,1851,3
701,1494,1
748,704,4
318,564,3
661,156,2
545,2445,3
801,1527,3
54,976,3
963,1635,5
228,262,5
421,2847,2
509,1148,4
22,1325,3
228,1812,4
454,2038,3
525,1510,4
662,1931,4
247,846,3
542,120,1
19,1291,5
375,405,3
292,304,5
673,848,1
904,1227,4
227,189,3
433,7,5
291,2631,3
427,655,2
562,2722,2
976,2128,2
576,2547,5
768,477,2
733,1531,2
766,1408,5
505,1365,3
731,425,2
921,2372,2
280,2310,3
936,1698,1
409,446,5
37,2286,1
564,1358,4
166,387,2
633,1336,2
557,2183,4
850,1065,3
419,2857,1
829,1901,4
753,1290,3
56,1524,3
772,751,2
20,2093,2
173,2987,5
113,2978,3
315,1152,3
956,1130,3
233,75,4
829,964,3
308,490,4
206,153,2
536,211,2
758,1710,3
557,403,2
929,1131,3
815,1991,3
81,526,4
702,1015,5
111,1877,1
882,318,2
100,532,4
740,2338,2
192,429,2
51,417,3
451,2566,3
957,1184,1
456,1914,4
603,1603,2
626,755,4
220,1593,2
839,2046,4
957,759,1
457,1266,1
111,1016,3
74,1527,4
484,1754,3
187,1755,1
278,318,5
599,973,4
102,616,2
950,1286,3
326,1256,4
691,2676,3
702,2839,1
392,1571,3
777,2080,2
76,851,1
361,1085,3
363,1401,3
114,1051,2
96,290,5
914,1401,3
54,2604,2
584,1585,5
846,534,4
820,918,5
259,1557,3
322,2156,3
542,2559,5
787,182,2
461,1061,2
97,2432,2
400,1333,3
642,1716,2
511,2781,2
381,1779,5
927,144,4
504,673,2
530,2113,4
756,1876,3
188,491,3
610,2147,1
260,2176,3
926,2149,2
644,2173,3
927,774,2
303,698,3
454,671,5
232,1090,4
413,256,5
566,794,2
514,2198,3
657,154,2
775,2902,4
184,1256,2
247,727,1
271,2122,1
510,2280,2
696,1223,2
888,1645,5
642,1984,5
911,1109,3
538,2946,2
665,734,4
736,819,3
174,2506,2
124,2735,4
84,1487,3
67,1318,4
960,708,3
450,965,1
517,2924,3
631,2220,4
280,2089,1
341,1213,2
752,841,5
62,2385,2
64,790,3
37,2884,2
257,246,5
211,2569,3
410,1058,3
286,2652,3
619,233,3
561,1023,1
142,751,1
602,1864,2
237,903,2
815,1528,3
101,1349,3
507,1632,1
653,2237,5
8,603,4
184,7,3
166,1500,1
155,2425,3
785,1262,1
777,1261,2
81,1369,4
506,916,2
812,1229,4
285,2923,2
848,2983,2
561,2430,1
432,2889,1
267,1215,1
721,2583,4
692,1549,1
341,840,4
78,738,5
187,1225,3
706,515,3
97,2859,2
493,884,3
956,2710,2
178,2367,1
333,1116,2
555,904,5
416,2036,5
829,1438,3
984,233,2
251,2081,5
708,1710,5
859,113,3
179,2167,4
663,2542,4
523,833,2
552,1873,3
945,2954,4
910,1575,2
576,8,3
649,5,4
219,1988,4
688,2990,3
281,2325,3
655,2989,2
657,378,4
765,2187,4
521,2104,5
596,2112,4
550,657,4
520,2314,5
814,1548,4
72,1533,5
84,2889,4
272,1593,1
264,2634,3
117,2241,5
985,2029,2
209,843,4
451,2206,1
981,60,2
266,2317,4
987,1357,4
552,342,1
426,1764,4
494,331,4
128,1558,3
592,2658,2
794,383,4
291,276,5
674,228,4
562,2732,5
35,2910,3
364,1317,5
992,842,2
776,1524,2
293,2133,3
828,1772,2
341,132,3
308,1713,2
360,906,2
133,1742,2
904,954,3
85,756,4
605,1178,4
891,2783,2
293,22,4
984,2210,5
181,2624,5
928,656,3
136,2549,3
233,144,4
447,404,3
123,240,4
245,1195,2
583,6,4
741,1329,3
554,978,4
268,2788,2
976,716,3
101,13,2
375,2632,1
665,1044,3
717,1123,2
572,114,4
620,1695,2
112,83,3
83,2940,3
6,1915,1
660,845,2
289,1445,4
416,2216,5
488,668,1
970,2127,3
836,811,4
372,396,3
859,1968,4
686,1588,4
994,1658,4
588,2799,3
729,559,3
817,2465,2
392,2018,1
800,2770,3
128,1953,5
31,162,2
370,2895,4
41,618,3
838,2514,2
467,844,5
445,2462,3
555,1542,1
988,2946,3
823,1413,3
365,2315,4
289,2966,2
181,1861,3
863,2979,4
585,479,4
329,2055,1
651,1874,1
118,345,3
130,2528,2
944,1820,5
790,46,2
863,368,2
65,234,3
500,837,2
882,2557,1
463,2094,4
238,196,4
500,2860,5
838,283,1
761,2171,1
61,2157,5
475,2622,4
826,1205,2
116,2541,2
285,1904,4
326,2270,2
525,1527,5
896,1429,4
690,985,2
256,1464,1
471,1042,5
222,239,5
962,1848,3
555,2240,3
293,1451,2
365,1096,3
989,2958,1
795,993,2
306,2497,2
553,81,4
260,2293,4
428,571,3
611,343,3
665,2892,5
103,2918,1
958,67,4
366,395,2
798,1455,2
259,2673,5
138,2517,1
991,2926,4
300,2393,4
216,1074,4
436,53,5
182,2317,2
125,2466,2
821,1097,3
644,1998,2
847,1332,3
546,2067,4
686,2714,4
499,929,3
975,536,2
725,2893,2
575,1699,4
333,2059,1
341,1840,1
441,2417,2
389,1603,2
411,900,5
189,1580,3
439,806,2
920,92,2
491,1637,2
104,900,2
353,1849,3
249,554,4
251,2856,3
567,1980,2
437,282,1
544,2514,4
877,1267,2
99,2308,3
961,1489,1
168,386,3
160,32,3
31,1147,1
442,1654,1
982,141,4
930,2751,2
974,1643,5
146,2249,3
989,2055,2
170,1828,4
924,2592,2
51,1171,5
303,2073,4
124,410,3
577,983,3
579,1377,2
114,1761,4
641,1236,2
968,2043,4
155,2692,4
42,1366,3
637,183,2
166,2787,2
18,2208,5
668,1792,3
998,1426,2
147,284,5
74,1160,4
291,2843,2
805,2819,3
58,485,2
662,2224,5
58,424,3
54,1298,4
615,56,2
499,1105,1
958,1006,4
95,2413,2
595,2362,2
971,1770,2
535,2185,3
143,2923,4
257,2778,2
767,2580,4
774,1315,2
716,1020,3
821,2993,4
857,2877,2
617,1433,3
919,686,4
783,1967,4
801,2527,4
731,835,5
12,1736,2
4,2360,2
300,2915,2
853,2194,4
1,1917,4
361,1430,5
820,90,4
220,907,1
683,248,3
996,2101,1
730,828,3
820,17,1
382,2295,2
588,1416,3
282,2995,4
955,764,4
711,788,2
578,2660,4
142,977,1
110,2623,3
324,1998,3
194,617,1
459,2431,5
497,2350,3
299,1375,4
137,876,4
189,1446,4
917,1963,5
939,2347,3
166,2492,2
168,2939,2
179,1768,5
517,513,4
541,897,5
639,2229,4
74,16,1
703,2455,4
507,1475,4
871,2533,3
91,1241,5
677,2856,3
497,2912,4
825,464,4
886,813,3
453,2529,1
626,1175,3
752,2154,1
843,187,5
354,2002,4
545,2807,2
925,2528,3
951,2137,4
6,2663,3
743,2080,3
184,1985,4
949,1942,3
170,227,2
830,1867,4
171,406,3
238,658,1
310,1417,2
631,1965,3
663,796,2
657,1100,2
906,2833,5
989,994,4
98,2887,2
928,2637,1
267,2369,4
476,524,4
905,2552,2
435,647,2
829,2374,2
492,2737,4
517,2158,2
951,2891,4
283,2227,4
258,739,2
736,1440,1
124,2014,3
491,226,2
206,2155,3
67,2062,4
549,306,3
404,1124,1
381,263,5
223,1785,5
716,2200,5
479,607,4
311,351,3
199,2578,2
890,1950,3
807,2401,5
302,293,2
649,919,1
53,2532,4
836,68,5
917,2972,4
830,2026,3
48,8,3
397,661,5
952,1859,2
922,2617,3
696,1405,1
569,2410,4
394,126,2
866,1756,1
968,1330,1
221,302,5
122,804,3
525,1477,5
408,107,4
230,870,5
507,2075,5
376,2757,4
482,624,4
709,224,3
944,744,2
611,1973,5
759,563,3
996,1304,1
128,384,1
762,1600,1
788,414,4
428,2356,2
180,1250,5
997,2959,2
448,2858,4
799,2817,3
646,2738,1
366,654,5
794,2602,4
406,1919,4
629,1916,4
858,996,4
16,272,2
107,1344,5
535,2266,2
343,940,2
563,2161,2
457,2959,5
662,2810,2
83,1961,3
961,875,5
970,2369,2
372,1562,3
971,316,5
819,2976,4
425,1547,4
20,598,5
908,481,5
615,1883,4
556,1400,1
882,438,5
490,316,5
14,1507,1
699,1880,3
145,2721,5
653,1178,4
980,205,1
164,1507,4
18,1544,4
774,1244,2
753,2987,2
471,1055,5
459,1220,4
134,747,5
324,2295,3
130,1819,4
746,558,1
957,1834,2
727,1712,2
940,1543,1
868,835,3
988,1044,2
626,2193,3
879,2247,5
496,56,3
410,758,4
575,2533,2
97,592,3
583,2289,2
639,501,1
919,2704,3
632,923,4
614,1355,2
406,2817,2
163,1356,4
104,1210,2
926,590,3
472,942,5
203,1162,1
649,645,2
873,1300,5
20,1056,3
30,1638,4
566,74,1
819,387,4
923,1936,4
572,1912,3
326,2274,2
439,2103,4
477,1609,3
241,1506,2
668,2381,3
68,2520,5
653,2748,4
259,1717,4
286,2406,1
418,1083,2
108,1278,2
529,1800,5
346,480,3
970,2731,2
265,1103,4
671,432,3
357,2478,3
774,1062,3
907,2733,4
633,396,2
23,1086,2
317,1080,3
891,2338,5
358,1646,3
202,2798,3
150,805,3
758,1099,4
316,2227,4
624,2710,4
556,2972,3
885,14,5
945,1360,1
583,1720,5
702,222,2
775,1754,2
645,941,4
879,1847,4
916,2629,4
6,1833,1
84,1114,2
553,1556,5
435,441,4
458,988,2
414,2713,3
694,1662,2
32,1942,4
478,1215,3
986,1997,4
20,2958,4
231,1301,1
696,353,1
159,373,4
831,2426,1
605,452,5
151,94,2
814,269,2
712,2122,4
217,375,2
75,423,4
357,1111,2
719,2411,3
698,346,4
639,838,4
267,1794,3
587,1250,2
132,2872,5
645,474,3
871,741,2
908,2241,3
154,1372,3
985,356,2
659,1898,2
377,14,3
256,349,4
988,40,1
520,471,2
53,839,1
383,1333,2
414,2522,4
67,2963,4
964,1703,2
178,2789,2
219,834,3
928,133,1
89,2182,4
930,1394,2
863,1978,5
302,1573,1
129,271,2
643,2299,2
806,2507,3
321,188,3
989,1783,4
738,1237,2
179,2105,3
189,1904,4
712,2683,2
716,937,2
943,544,4
310,209,1
984,1597,4
412,1611,3
19,2884,4
250,120,4
936,1132,3
468,1724,3
233,1852,2
285,2313,3
182,752,1
530,2190,2
818,1930,2
591,188,4
887,1846,4
207,2385,2
155,1276,5
179,2394,4
638,1994,3
271,1289,2
125,1359,3
493,2786,3
318,1809,4
819,191,4
838,2275,4
629,1893,2
550,42,2
872,1573,4
308,1251,4
543,480,3
953,2894,4
828,2449,3
440,1708,1
979,1569,5
645,149,4
945,314,4
658,1228,3
612,1678,5
386,2528,5
911,1774,5
277,2899,4
105,1324,4
625,137,2
680,370,2
301,2550,2
251,1288,1
180,2983,2
702,2407,5
85,2145,3
391,236,1
36,1383,5
694,1502,2
302,1796,2
566,754,4
840,2319,1
702,1458,1
727,2061,5
459,2392,4
666,218,2
522,1442,2
877,2442,3
836,995,2
904,393,1
39,2522,3
434,323,2
890,132,3
188,2030,1
932,1388,3
165,1330,3
800,25,1
123,1381,2
604,2196,1
364,2617,4
806,940,5
10,1633,3
257,481,5
411,1845,5
253,931,2
199,1715,5
530,2236,4
817,1317,5
902,1886,4
666,1140,1
431,2304,4
864,2981,3
707,2383,4
62,1897,4
470,1135,3
554,833,4
942,884,3
653,2519,4
782,1316,4
986,566,2
678,2451,5
624,740,2
863,1623,3
651,1045,1
127,2925,2
424,653,2
483,945,2
486,1195,2
422,2652,2
400,2537,3
937,2300,3
125,402,3
349,2778,1
329,2790,3
596,535,4
14,1583,3
655,1649,2
744,239,5
990,1310,2
188,1855,4
759,2576,5
796,2772,4
610,2771,3
764,1411,3
880,101,2
924,814,3
733,760,3
624,2305,1
619,1471,4
321,1957,3
452,1946,5
625,161,3
676,2451,2
993,293,4
548,2058,5
877,1837,3
52,2444,5
80,2556,2
24,1884,2
937,1960,3
566,1830,2
76,2272,3
339,2364,5
593,1713,3
952,2554,4
641,332,3
694,1891,5
938,2617,2
986,85,2
870,1096,1
801,2344,2
50,1436,2
601,1612,3
135,1964,2
911,2020,1
518,670,4
782,1919,2
405,216,5
602,1264,3
302,1828,4
369,836,3
646,1629,2
241,678,2
606,2438,2
508,333,4
758,2726,3
315,305,3
415,2655,4
166,1848,4
733,570,4
111,189,5
324,2269,4
133,1707,4
252,2747,1
913,339,4
475,1750,2
251,2075,1
152,2707,4
719,232,3
228,456,4
59,2345,3
630,2465,4
873,2276,3
519,1434,3
180,1528,2
691,695,3
11,1303,4
262,857,4
885,1994,2
391,2029,4
307,307,2
39,2420,4
404,2443,2
33,1141,3
508,168,1
847,1502,5
117,915,5
486,784,5
841,418,5
946,525,3
364,2146,1
524,1747,5
668,2429,5
185,1661,2
135,2892,1
265,946,4
705,2156,4
474,1880,2
934,200,3
840,2976,4
38,2048,4
906,366,2
887,1085,2
835,914,2
266,624,2
33,620,2
147,1971,3
967,461,4
104,875,2
109,1498,4
518,582,3
246,321,4
325,2603,4
912,841,1
688,1731,4
123,1625,4
258,762,3
947,1676,2
707,712,4
391,1833,5
148,856,4
10,2258,2
349,2874,3
247,40,4
632,2338,4
309,994,2
73,2859,5
57,714,2
583,1369,2
400,484,4
636,1582,3
474,86,2
936,1384,2
715,599,4
718,1012,3
804,2481,2
173,970,1
522,1239,2
123,247,3
854,1462,3
386,1465,4
539,1363,3
13,2966,4
2,368,2
369,2021,1
247,749,2
360,1568,3
222,1858,3
368,1119,4
448,2352,1
768,1067,3
39,1539,4
510,1669,3
964,300,4
973,1338,4
373,187,3
56,1265,2
417,1047,4
673,2526,2
248,442,3
911,2486,1
564,2132,2
337,131,3
684,2169,2
807,2746,2
396,1550,3
289,583,1
246,2396,3
6,2870,1
434,645,4
445,2118,4
284,1665,3
660,52,1
588,300,1
851,2090,3
859,481,1
591,854,1
419,1805,5
384,1026,4
762,504,2
953,820,3
666,1011,2
101,2911,5
513,79,2
25,418,5
109,1932,4
950,1625,4
12,1964,2
333,104,3
382,2397,5
419,2682,2
581,206,3
53,2983,2
608,2900,3
221,413,1
6,2289,5
248,1019,2
424,1796,5
364,545,5
318,855,5
252,2691,2
641,2389,5
429,1537,3
473,1572,2
672,2006,3
437,2493,3
298,909,1
992,1291,2
285,2186,4
26,984,5
946,401,5
28,626,3
757,2535,2
19,1204,5
108,400,4
338,575,3
782,1276,4
816,2476,2
221,2139,2
973,1087,3
23,1431,2
453,747,4
984,819,4
208,739,5
998,1077,1
215,879,2
747,1564,3
656,2369,2
691,2788,4
266,2421,1
805,1968,5
964,1843,4
271,740,2
429,677,2
530,2473,3
351,1958,3
488,1732,3
877,2161,4
358,2049,5
477,1153,1
954,1230,4
647,2341,1
522,1368,1
942,2707,4
194,1788,3
504,1277,4
453,2116,2
780,450,2
820,1269,2
248,2975,4
44,2559,2
474,733,2
43,234,2
855,1661,5
568,30,2
322,2782,2
320,2128,3
849,317,1
573,2606,4
617,1377,5
58,16,4
449,1870,5
99,2183,4
727,1795,4
6,893,4
843,1292,1
805,2472,4
877,238,3
233,544,4
760,2037,4
480,2179,5
983,604,4
269,1249,5
464,220,1
672,2111,1
565,379,4
896,198,4
944,615,2
620,126,4
4,1720,3
471,1390,4
10,1515,2
999,488,5
338,1889,3
807,2411,4
136,2596,3
530,2354,5
14,815,4
356,241,3
610,2095,2
552,31,4
854,2720,3
363,2753,3
617,263,4
977,1274,3
776,2225,2
76,2097,4
659,2077,3
997,1329,1
818,2457,4
794,2711,2
294,2680,3
686,310,2
577,191,3
347,1660,3
464,2822,1
411,2096,1
103,30,2
158,2000,4
710,28,3
9,2649,1
71,1312,4
167,1969,4
788,1803,1
581,2213,3
818,2201,4
227,1442,4
604,1597,1
136,1765,3
276,1002,2
542,1076,2
273,2802,2
65,24,2
169,254,2
705,585,2
145,1608,5
484,2914,4
994,1919,2
205,1662,5
300,203,4
630,520,3
798,1323,4
368,1174,2
46,2672,2
361,2261,3
456,2481,3
14,1336,5
919,1935,4
273,1033,3
554,1936,5
449,1035,5
766,2173,4
607,2536,3
317,1412,2
332,2721,1
874,1136,3
958,347,1
132,2215,1
809,916,2
813,2083,4
432,2911,4
809,834,5
969,2022,5
803,1471,3
835,1482,3
912,2179,4
918,618,2
896,971,3
182,1079,2
525,2650,5
236,1992,5
354,1834,4
482,1018,2
717,1652,1
634,1556,4
110,1208,2
620,1230,4
772,2034,2
552,1590,4
367,1366,2
840,1091,5
44,50,1
237,2774,2
605,2727,2
808,1754,2
971,2202,2
226,1791,3
191,2218,4
407,2881,1
293,2306,2
902,1741,3
127,2985,3
565,2640,1
502,1290,2
961,212,2
515,1605,1
998,1056,3
191,1539,4
294,787,1
756,2853,2
549,1575,4
683,364,3
472,270,4
758,1272,3
426,1030,3
84,1663,3
694,367,5
599,1706,2
947,874,2
784,217,5
959,665,2
964,1358,4
180,1681,1
990,976,3
449,301,5
600,516,1
316,453,4
142,1979,4
8,996,4
800,655,4
388,2488,2
703,2301,1
646,427,4
226,1415,3
928,1154,5
372,1247,4
77,1419,4
991,1702,4
650,1049,5
594,114,4
273,266,5
563,1729,3
683,161,2
92,273,5
714,2805,1
999,2011,5
644,1473,3
202,1057,3
896,1519,3
616,2974,4
267,2175,3
365,99,1
293,1077,3
460,2256,3
239,250,3
619,479,3
347,2667,2
206,2742,2
97,1075,3
576,1444,3
225,2220,4
364,2961,4
934,2684,4
108,1670,2
260,692,1
993,1744,3
872,1452,2
645,2869,5
756,1330,4
166,1993,3
211,209,3
337,890,3
57,1283,1
867,717,3
267,2928,5
780,2089,1
548,1792,2
843,1595,3
657,1737,1
346,381,2
242,2393,4
510,2518,3
719,2768,2
201,1046,1
530,547,3
761,104,1
20,2432,1
708,872,2
360,1073,2
704,1755,3
496,1674,4
755,1082,4
857,1831,3
590,2749,3
352,244,4
406,1535,5
751,1422,2
32,2797,5
912,1233,1
736,2479,4
958,1801,2
350,597,3
901,293,5
647,451,2
604,2336,3
738,2203,1
824,1505,3
693,754,3
377,1074,4
477,2125,3
405,1862,5
139,2456,2
598,321,2
725,2718,2
972,617,3
135,2935,4
726,1764,2
520,2288,2
840,1793,4
683,966,2
501,578,4
206,1529,3
981,47,3
803,2777,5
309,801,3
204,2047,1
127,1318,1
278,2942,2
6,2363,2
981,632,2
879,21,2
832,931,5
170,1021,4
165,1518,3
792,1111,3
603,1294,1
374,2149,2
943,1782,2
639,360,1
604,1959,3
843,1410,3
411,1974,2
532,447,3
266,700,5
608,2101,2
274,204,2
312,312,4
349,360,4
292,1107,5
752,2582,3
358,1339,2
393,163,5
207,2809,5
132,722,1
273,1805,2
914,2888,4
461,2848,4
434,2095,3
507,531,4
161,2457,4
229,1284,3
872,1757,1
619,2065,3
137,2593,2
208,892,1
544,1740,2
932,2750,5
716,1300,3
529,2024,2
985,2688,1
482,294,1
762,1707,4
347,1474,2
405,1125,1
625,553,3
403,1345,5
502,680,4
401,1348,4
916,2480,4
473,1552,3
109,1203,2
644,527,4
463,1903,4
514,2489,2
174,2053,2
932,845,4
84,193,2
815,234,3
933,2400,4
199,2191,1
683,2526,2
218,574,1
340,698,3
274,1585,3
81,1431,5
455,521,2
347,1379,2
987,663,5
22,454,4
908,1360,3
562,1760,3
437,1467,1
385,1629,3
284,1832,1
122,1417,3
567,2500,4
607,1929,4
242,1925,4
196,800,4
402,1042,5
776,2540,1
263,2493,5
834,371,1
437,1149,1
795,707,4
482,1940,1
323,1539,4
270,367,2
204,15,2
24,1026,5
689,331,4
472,467,4
469,697,5
273,2747,4
95,472,1
45,2184,1
998,457,1
929,2360,4
679,2785,2
9,1165,3
840,1578,5
395,2838,3
501,1590,3
12,441,1
373,1050,2
172,185,3
950,1295,4
970,2727,3
985,2204,1
440,74,1
710,11,5
301,2,2
482,1151,4
435,549,5
454,1893,1
970,410,1
314,1789,4
762,409,3
998,476,3
873,315,5
118,284,2
463,1773,2
118,1171,2
717,348,3
808,269,2
284,1322,3
821,96,1
972,2346,3
834,2700,2
335,1186,5
811,1782,4
628,399,3
465,2932,5
323,1041,3
872,1885,1
300,1911,3
774,2987,3
904,928,5
47,2407,2
317,611,4
152,1487,3
855,2963,1
32,1652,1
72,1905,2
477,2936,4
659,2392,1
93,2671,5
437,2341,3
308,299,3
759,265,4
955,2973,2
852,1695,2
311,1491,3
908,1463,3
228,2873,4
49,1136,4
434,1481,1
694,2578,5
492,2948,3
624,2357,1
697,2709,3
362,1254,1
391,1816,3
708,576,5
145,1796,1
450,424,2
729,805,4
353,767,3
708,2977,2
418,235,4
274,248,4
234,1269,5
361,2365,3
514,2523,1
570,44,1
607,351,2
202,2996,2
275,2321,4
952,476,4
125,2300,3
534,1403,4
362,2674,5
230,1022,2
53,758,2
403,1162,1
988,1518,5
575,2423,3
980,673,3
675,785,4
813,1190,2
300,362,4
698,2404,1
495,2557,2
104,1486,3
755,2669,3
40,1577,4
936,1359,5
922,452,3
336,2267,4
930,194,2
546,1474,4
58,1944,4
295,1117,4
428,1994,3
635,1761,4
159,834,4
545,1706,4
373,2380,3
352,1533,3
405,1101,5
773,1028,2
830,2782,4
699,1244,4
698,513,2
373,1219,2
559,659,5
818,909,4
596,639,3
211,2668,4
460,2766,2
969,1179,2
652,1658,1
327,2022,4
761,1313,2
232,852,2
734,1746,1
779,493,5
679,282,3
239,1053,3
97,249,4
980,1933,1
594,672,2
1,2613,3
658,486,4
209,830,5
426,2151,4
505,2109,4
585,1177,2
924,2168,4
324,939,3
335,1522,3
647,1733,3
743,1834,2
450,1846,4
272,650,2
496,925,1
815,112,4
459,372,2
320,2536,2
660,1328,4
44,2811,4
60,2671,3
944,2191,1
244,1223,3
978,1533,2
770,2170,3
940,655,5
372,1418,2
608,1824,4
413,686,2
913,1283,4
354,1224,4
944,710,4
81,2505,5
835,2647,4
546,1212,2
871,2608,2
486,956,3
709,1777,3
100,2389,2
174,1194,5
400,497,3
186,928,2
194,470,2
417,2652,4
143,2389,4
568,2439,4
563,2954,3
333,492,1
232,1280,4
360,2601,1
448,825,2
250,2780,3
946,695,3
472,1434,5
33,175,3
464,2876,3
575,2414,3
78,1150,5
510,73,3
23,134,4
669,1644,4
104,1884,4
500,222,3
727,745,5
764,280,2
493,1320,2
803,288,4
594,1014,1
730,2345,3
889,3000,2
691,1844,4
335,580,1
598,1697,4
670,455,3
809,2114,2
166,676,5
717,2244,2
570,1378,4
346,1137,1
374,1510,5
793,1686,1
525,348,4
791,1454,1
267,2504,4
810,124,3
210,1896,3
802,2756,4
420,2738,1
674,879,5
237,2695,3
216,1353,1
471,1800,1
961,602,4
183,775,3
976,1869,2
543,2854,3
604,494,4
807,588,4
877,1541,2
582,1950,4
605,249,2
690,1818,1
970,2544,4
798,832,5
466,2666,4
476,595,5
181,1688,2
559,869,3
396,307,3
782,1529,2
516,2900,4
197,978,5
845,2977,1
970,2762,4
447,550,4
463,940,2
996,2890,3
434,1271,5
415,1762,1
19,1816,4
432,983,2
537,2060,5
732,1133,3
593,2351,3
399,334,3
564,2027,4
96,1637,4
441,2005,3
766,789,3
584,1199,4
288,1984,5
534,1232,1
829,2815,3
897,682,5
288,2463,2
33,1807,4
212,1842,5
251,1759,3
827,2125,3
530,2336,1
32,1661,3
353,1264,1
728,1304,3
368,1496,2
598,627,5
971,2355,3
782,2929,2
912,472,1
180,1954,2
47,2597,3
523,2441,2
112,2603,2
229,2675,2
993,2826,5
347,93,4
411,1192,2
92,2153,4
636,2273,3
367,2820,2
357,947,4
770,291,3
86,240,2
431,2083,2
448,132,4
519,942,3
154,1154,3
922,310,4
514,26,1
466,2975,4
944,444,3
642,919,5
893,488,3
736,80,3
857,1811,1
450,1655,3
874,2252,2
873,1991,2
341,1989,4
821,338,4
156,864,2
8,2408,2
649,1920,3
610,1926,2
879,1297,5
579,1272,2
293,1760,2
969,802,5
728,937,3
318,2931,3
970,2554,3
14,953,4
7,1951,4
185,2670,4
914,1591,5
646,737,4
370,257,1
324,1825,3
840,503,1
411,929,2
125,2514,3
62,2174,4
254,613,5
624,2826,2
635,1753,3
687,885,2
261,2695,4
343,2918,5
425,1267,5
147,262,1
250,1982,5
803,2453,1
614,586,4
797,776,5
565,28,2
19,600,2
934,2498,2
584,496,3
985,622,3
703,2509,2
7,1441,5
328,2978,2
626,1411,2
689,739,2
786,892,1
372,1704,3
72,1632,4
900,2955,3
832,1361,5
478,471,5
174,923,3
991,918,4
931,2430,4
398,1344,4
238,24,1
733,2391,4
710,2766,5
243,1559,4
646,443,4
61,2673,4
681,86,4
200,32,3
839,2654,4
246,1297,2
908,1332,3
92,2274,4
390,661,2
16,2625,2
317,2227,4
34,1218,4
513,1598,3
352,666,4
810,2475,5
489,1976,1
2,2466,5
448,1545,2
28,592,2
41,712,3
774,2106,1
856,1563,5
855,953,3
751,2460,1
880,23,3
354,1830,3
704,1362,2
425,2720,2
831,126,2
392,585,3
474,1231,4
136,817,5
241,2679,4
252,873,2
551,664,1
121,2991,1
517,518,4
434,1895,4
867,2177,5
212,1617,2
767,474,4
299,1546,2
424,2131,2
611,2123,2
825,16,3
39,2167,4
243,2496,4
524,1403,4
249,2098,5
106,2192,5
39,1467,4
356,920,3
896,859,3
119,1238,5
857,1516,2
213,1225,2
337,36,5
776,1159,3
28,809,2
15,2019,3
866,1570,3
588,933,2
367,1666,3
935,2989,1
312,693,2
901,45,4
368,798,1
313,2261,5
842,583,4
414,2011,3
834,1223,2
138,911,4
641,2142,4
608,979,3
738,1205,3
188,2362,5
31,1762,4
643,1485,2
10,1952,3
975,202,4
317,641,3
532,1765,2
111,1656,5
560,1481,2
925,1127,3
629,634,2
661,1721,4
27,1576,2
805,1915,2
33,1929,2
517,1551,2
17,376,2
695,592,4
868,1392,5
65,713,5
69,2003,3
865,640,1
191,1726,5
352,886,2
565,110,2
70,1395,5
828,1017,2
310,697,4
187,1565,3
591,860,1
990,2930,4
3,1657,5
661,912,1
391,192,3
678,1221,2
532,1734,3
774,805,2
997,1037,2
763,416,4
232,1887,1
503,922,2
132,1751,4
687,446,1
230,261,3
565,846,1
782,529,1
54,2505,4
228,654,1
233,2838,3
593,772,2
473,2681,4
369,2003,4
425,449,3
958,166,4
278,782,3
740,401,2
240,432,2
332,2952,4
201,2903,3
462,2731,3
990,454,3
393,822,5
50,65,1
798,30,5
356,1243,1
288,880,3
576,95,2
917,1980,4
267,1872,3
522,285,5
695,2733,5
530,1095,2
406,2378,4
260,855,3
592,534,3
406,1002,1
192,392,3
561,133,2
509,1573,1
654,2127,2
786,2188,5
369,1781,4
98,667,5
949,522,5
233,246,2
918,548,5
801,1396,3
314,2595,1
449,2821,3
822,1053,4
435,1410,3
963,2517,3
822,2137,3
788,1115,2
320,171,4
957,1169,3
603,1142,4
953,1352,4
679,2384,1
504,2955,1
295,1143,4
427,236,1
627,258,2
952,981,4
149,80,1
982,443,1
865,1018,2
482,2127,4
133,2323,3
795,1832,4
522,2002,3
174,2919,2
802,2266,3
852,2268,4
815,177,3
470,1928,4
40,781,3
420,1504,3
9,351,4
340,1457,3
476,1468,3
428,2318,4
929,2190,1
844,1108,2
345,2974,2
101,2467,3
356,2840,4
238,844,4
494,1914,3
364,419,4
405,1404,3
594,1693,2
904,29,2
543,2765,5
923,1047,3
898,1774,2
356,2245,2
157,534,3
250,968,2
990,357,3
223,1483,4
437,2103,1
793,262,3
233,2000,2
967,2762,2
806,820,2
27,83,2
479,232,2
670,1115,2
740,1566,3
481,1564,3
892,2697,2
285,129,3
608,1113,3
71,2153,2
433,2709,4
881,1043,3
234,2896,5
698,404,3
422,1484,2
255,990,4
632,1069,5
173,2604,5
888,1039,2
69,509,2
324,1537,3
441,255,5
746,364,2
462,1174,4
582,922,3
967,2349,3
992,1601,1
720,532,4
399,2048,5
648,522,1
892,643,4
682,2716,1
748,2785,5
152,2924,1
222,1676,5
733,418,3
674,2057,5
907,1362,4
886,527,4
370,2162,4
233,2730,2
94,692,3
467,180,4
720,2181,4
132,948,3
642,2144,1
152,2042,5
754,1168,5
307,2910,2
797,1413,2
776,2209,4
646,527,1
437,2970,2
514,2482,3
135,1158,2
519,2725,2
821,1249,3
855,1956,4
536,584,4
763,815,5
610,1279,3
618,46,3
656,1747,3
86,1805,3
87,1444,5
526,168,4
670,373,5
309,652,3
242,73,3
817,275,2
904,371,4
732,1963,1
18,1397,4
690,2267,2
506,1155,4
639,929,2
139,538,3
640,1319,1
729,2521,3
583,1896,4
824,2608,2
767,2271,5
526,477,4
949,1863,1
835,2881,3
925,426,5
693,1025,2
609,713,4
52,2587,4
654,1227,4
14,1050,2
369,1946,2
779,2387,4
124,31,3
587,1504,5
169,2067,3
220,2475,1
450,199,5
987,2480,4
324,363,5
970,2448,4
348,2087,5
374,1246,4
953,2097,4
185,487,4
76,1953,3
310,505,4
182,1920,3
908,2190,4
711,1961,3
636,2390,2
656,1716,3
354,1771,1
200,2545,1
473,2286,4
239,1265,3
974,1506,4
546,579,1
733,623,3
57,1454,4
485,1176,4
273,1370,5
582,2160,4
547,1526,4
406,1186,1
133,2743,2
438,538,2
680,41,4
725,2252,5
40,2045,3
236,2990,4
827,2221,3
65,2395,5
279,2408,1
594,319,2
867,2382,4
907,901,2
882,512,1
174,2490,3
109,852,4
200,2881,2
662,1436,5
184,1207,1
441,1179,1
670,726,4
452,2224,4
573,872,5
312,1891,2
549,2291,4
618,6,3
599,1587,3
944,539,3
88,2653,3
196,1947,3
370,541,3
803,257,2
911,2201,5
908,1480,3
327,1542,3
256,2862,2
188,1527,2
573,637,3
632,1188,2
430,2139,2
376,577,2
384,357,1
961,1351,1
233,2511,5
966,84,3
553,1859,2
845,2310,1
47,2864,3
84,717,1
796,733,4
808,2563,3
374,1954,5
414,2769,5
726,742,3
276,9,5
376,2078,4
452,531,4
500,2438,2
302,237,2
120,2268,1
821,2656,4
627,2487,3
294,1220,3
449,2394,3
902,2845,2
340,448,5
157,2037,5
401,988,5
303,883,5
461,89,4
872,1811,2
395,666,4
215,1618,4
7,1286,3
970,2110,4
881,2852,4
863,1029,3
746,2922,1
684,2433,3
93,2069,2
906,2436,2
384,1666,4
921,1298,3
181,1400,4
14,644,2
917,2682,3
932,2561,5
665,2355,2
46,2813,5
190,1070,1
462,1970,3
842,880,4
944,630,4
126,1878,4
34,1501,3
564,1793,4
187,554,2
554,2153,2
145,799,3
884,2254,4
165,980,2
599,1572,3
655,2269,3
277,748,5
281,2950,5
198,2180,3
735,386,4
866,1880,5
368,2354,5
418,2240,2
542,2820,4
150,1130,2
123,2831,2
742,439,2
499,986,3
373,1474,4
61,1253,2
661,349,1
311,197,4
585,2629,4
439,2830,3
312,1930,3
437,2332,3
462,840,1
54,194,3
90,379,2
636,2865,3
269,2990,4
337,2656,2
204,1024,2
158,1035,1
160,1250,4
321,2997,4
640,847,4
192,430,5
732,2575,4
192,360,5
588,2091,4
744,2365,4
616,2502,3
556,457,3
858,1206,3
156,1996,4
606,1923,3
645,2155,3
467,2255,1
332,2240,2
742,315,3
875,2018,3
752,1404,4
663,2447,5
76,1389,2
987,562,4
194,2527,3
626,1003,3
603,831,1
10,54,5
422,2470,1
868,1734,4
127,2513,3
383,2949,3
124,2583,3
525,1960,2
982,2803,3
459,1445,4
357,2189,1
241,2891,3
168,165,2
689,1369,4
39,1655,4
933,2360,3
944,1102,4
980,1967,2
60,2040,1
326,621,4
615,2593,3
104,2129,4
620,2570,1
891,1465,4
43,1849,1
450,1085,4
973,335,3
636,1008,1
201,2495,5
627,502,4
700,2339,2
365,1663,3
941,1323,4
179,500,2
992,2756,4
87,1248,1
900,2397,2
574,615,2
614,1271,2
363,2472,4
677,1727,2
716,2938,1
258,1749,4
118,2566,3
893,1122,4
587,2009,4
276,888,5
569,1928,4
207,1424,3
854,88,3
261,2708,5
105,849,4
958,1601,3
758,2284,2
406,2739,4
285,2905,1
450,1752,4
67,2403,3
199,2895,3
92,2886,2
594,1320,4
452,1745,2
385,2073,3
10,440,2
474,2287,3
95,2251,3
40,1109,5
769,2680,3
342,626,2
588,1536,1
138,976,3
677,2889,1
156,2223,4
594,959,1
20,2621,2
517,2990,4
972,2071,3
281,273,4
999,2402,3
345,2021,2
145,2016,3
163,25,4
456,1331,2
277,2210,4
290,963,5
95,1535,2
759,237,5
642,1447,3
307,2606,3
963,2454,1
934,2686,3
528,1333,2
486,1560,1
574,31,5
752,2059,4
436,2334,2
36,1242,5
187,2934,4
532,104,4
969,1263,4
391,2798,5
103,893,5
838,2108,4
286,2657,5
446,986,2
552,1664,2
653,123,2
739,2921,3
783,1650,4
517,1447,4
934,1889,5
317,1450,2
193,775,5
241,442,2
562,1076,2
406,731,3
568,2375,3
978,15,3
187,1066,3
494,932,3
589,2530,3
455,2526,2
914,2607,2
989,830,2
845,606,4
975,163,5
402,2236,2
732,2347,5
801,2923,3
228,2196,3
268,2209,4
493,2801,4
793,2474,5
954,2430,1
228,1520,2
852,799,3
967,635,4
89,101,4
772,2148,4
802,112,2
898,1226,3
331,2152,5
878,1441,3
317,2028,1
852,828,3
536,867,3
715,1605,1
798,2112,2
918,1630,5
582,2823,4
18,561,2
87,1229,3
795,773,1
136,1013,2
977,2672,4
884,907,4
817,2460,5
399,215,2
659,2637,1
326,2659,1
51,829,2
166,2815,1
550,381,5
627,789,3
264,2442,2
296,1983,1
447,2119,4
522,1150,3
458,792,5
480,207,5
400,84,1
829,466,2
182,1043,1
596,1598,1
864,2327,3
79,985,3
473,186,3
659,2422,2
915,1031,4
179,2624,3
8,2421,1
269,1554,5
579,2377,4
792,1156,3
478,887,1
706,1327,1
769,2446,5
176,909,4
392,2297,1
768,1389,1
555,100,2
435,2169,2
879,2982,3
655,2873,2
545,276,4
447,372,2
378,2370,2
129,2503,3
310,540,2
259,1032,3
539,1405,3
792,1234,2
414,2491,5
508,1117,4
343,1554,4
125,2540,4
960,2107,2
184,1312,3
555,2416,3
69,2626,5
643,2681,2
550,1814,5
604,2010,5
551,937,4
174,1425,2
301,1357,3
198,372,2
760,1138,3
496,1358,3
403,2378,2
964,2759,4
774,1824,3
202,2001,4
884,2120,4
927,2744,1
974,738,2
433,2458,2
27,2825,3
172,174,3
900,2125,2
826,2503,3
691,1773,3
429,1018,3
383,2164,2
152,1631,3
399,1458,1
666,179,2
17,2336,4
345,139,5
462,1665,2
776,1672,3
593,520,4
545,2140,2
916,2515,5
576,2679,3
832,2498,5
601,999,2
546,1926,5
83,1004,3
605,1133,4
982,1322,5
26,2952,5
780,2903,5
988,1658,1
307,411,1
689,1453,5
271,1634,5
533,2601,4
951,2628,4
786,1664,4
554,2947,5
158,1307,5
385,2342,3
222,374,1
33,38,4
788,2246,2
994,695,3
433,995,2
587,2441,3
290,2419,1
675,514,1
684,176,2
599,998,3
736,2709,1
815,2922,3
56,482,4
614,2333,5
782,2809,3
39,2729,3
93,1540,3
225,1322,1
955,273,4
16,1010,4
879,748,3
692,702,4
416,2590,5
859,2177,4
514,260,5
724,664,1
984,1709,3
221,2643,5
998,386,3
594,118,2
39,466,1
897,1258,3
471,1974,2
773,1628,3
712,179,4
912,1284,3
90,2410,1
426,1563,2
603,1282,2
707,1081,4
746,2203,1
257,794,1
505,1744,4
352,1705,2
726,2818,3
29,2964,3
698,2832,5
462,508,4
538,2605,4
440,1310,1
140,914,3
538,2302,4
508,2028,3
903,2455,1
671,2361,4
716,735,5
528,1628,2
155,1364,2
191,1935,3
121,1513,4
803,2319,3
757,1165,3
901,2784,3
328,208,1
778,2696,2
906,1794,4
848,470,4
829,412,3
229,1323,3
541,576,3
187,266,3
635,1802,4
773,274,1
669,1786,1
385,2259,1
279,2636,2
209,609,3
550,1821,5
280,2217,3
675,881,3
594,2380,2
436,1890,1
657,1163,4
453,2690,4
427,419,4
520,1780,5
319,2571,4
629,311,4
778,615,4
887,2310,1
183,975,3
765,1610,2
555,672,3
785,1705,4
483,1225,3
106,82,4
633,559,4
708,107,3
901,999,4
533,863,2
253,1768,5
793,1065,4
210,2649,5
159,2406,2
516,2147,3
148,1276,2
491,1742,5
109,2448,3
185,1062,3
102,2918,1
425,2492,3
136,2262,2
489,1573,2
605,2971,4
309,2467,2
199,2483,3
167,67,3
40,2507,2
15,1763,1
388,440,4
273,978,1
274,2811,1
455,359,2
557,2829,2
1000,270,4
318,982,2
411,1520,4
907,2165,4
437,572,4
795,2452,4
794,1867,2
481,1391,1
421,892,1
52,309,4
727,68,2
860,747,4
647,2662,4
572,709,4
857,251,5
870,790,2
697,505,5
889,730,3
608,1083,4
613,1860,2
644,1386,3
115,2677,4
152,459,3
640,2650,5
546,399,5
571,81,3
626,1893,4
307,962,2
981,2575,2
454,1517,1
904,1334,4
886,568,3
949,2387,2
965,1100,4
711,2687,5
178,877,1
362,87,2
489,1488,1
163,1098,1
93,1017,1
985,1635,3
972,727,5
749,1259,2
376,570,2
872,2981,2
663,2848,2
551,1728,5
234,1328,5
574,2126,3
733,1648,2
271,1100,1
137,2996,3
558,1153,2
159,178,3
996,2111,1
887,731,3
887,1591,2
384,1755,4
369,797,2
317,917,2
632,1105,2
611,2800,5
315,2600,3
291,2116,4
22,586,4
118,1194,4
656,396,2
839,1275,5
725,1791,3
514,1797,1
44,2948,3
857,1627,2
405,2951,2
479,2638,2
810,48,1
533,1501,3
525,970,2
971,1495,4
233,2158,4
956,1671,2
145,12,3
313,224,5
243,596,4
589,777,5
544,2937,3
146,2627,4
833,283,3
342,2830,1
977,1863,4
177,2519,5
520,252,4
430,2172,5
941,1,2
966,1541,4
681,876,5
326,2949,2
125,2074,3
447,425,1
249,490,2
869,2482,1
987,761,3
443,591,3
868,2968,2
99,542,2
864,341,3
59,1861,4
786,1480,2
324,1456,3
241,1342,4
55,336,3
999,1452,4
766,711,5
393,2907,4
128,1902,3
313,178,4
332,165,5
709,1711,4
272,1387,3
622,1911,4
231,2047,5
207,233,4
772,2719,5
123,2135,4
269,565,4
590,1973,3
533,390,2
420,828,1
19,377,3
608,1826,2
654,76,2
363,308,3
110,2530,2
264,1512,3
497,3,5
36,260,3
900,1490,2
415,977,4
18,2478,4
158,1095,5
808,168,3
826,912,4
609,2022,2
502,1911,4
886,1141,4
732,787,2
508,1460,5
128,1350,2
688,1784,3
995,1589,3
348,58,3
886,923,4
939,1146,5
140,998,2
719,741,1
440,618,3
608,1448,4
656,747,3
393,33,1
813,2796,3
79,448,4
897,706,2
901,489,1
803,1305,4
921,1222,4
758,961,2
847,286,5
414,1448,4
445,2796,3
323,501,4
813,192,2
484,1674,1
727,1529,2
987,2584,4
188,1738,4
953,772,2
503,337,5
60,1134,1
230,1347,4
297,1219,1
585,725,1
408,17,4
962,1613,2
682,2649,2
968,78,5
482,136,4
150,2899,1
937,402,4
311,2807,4
241,683,3
844,1171,2
629,1024,5
949,43,4
545,676,2
613,2192,3
415,1488,2
916,2281,5
382,642,5
22,2712,2
744,2260,4
833,967,2
653,1721,1
694,2385,3
645,2594,4
551,91,2
376,2055,1
186,1201,5
110,782,1
126,2153,2
727,1152,4
966,1231,4
960,2312,2
782,32,5
115,1400,1
16,76,5
529,1555,4
556,1627,4
562,1848,2
927,2074,3
231,1057,2
378,2666,3
591,2512,1
500,1470,4
662,1499,2
237,1731,3
696,899,5
491,1999,2
109,5,2
696,2904,3
117,2404,4
164,2654,3
94,2314,5
1000,229,3
290,2997,2
945,881,5
10,1716,2
599,707,2
404,1027,2
345,2568,1
665,1948,1
376,2393,4
333,1996,4
702,2207,3
561,57,2
432,1380,3
821,656,3
841,2164,4
803,1769,1
436,1968,3
629,213,4
38,2677,2
942,629,4
267,2579,3
165,164,3
310,220,4
198,1147,3
548,2468,2
723,1850,3
631,337,2
61,1059,3
366,924,4
662,2435,5
497,1288,1
558,2340,3
943,2257,3
935,968,2
330,184,1
337,1402,1
943,958,4
203,2609,2
563,99,5
98,265,3
599,820,3
366,2984,2
823,1745,4
208,2152,4
744,936,4
172,1786,4
489,2056,5
312,1955,4
139,992,2
816,2379,2
430,1279,4
23,2843,1
348,1624,2
119,1163,3
338,2538,3
57,1139,2
829,60,3
12,2914,5
244,2410,4
897,2188,1
857,2298,2
883,2926,3
602,2026,2
888,2812,2
437,2013,3
808,2712,2
473,2659,4
203,2548,1
208,2657,1
513,1262,3
243,2335,1
61,2186,1
811,635,2
285,1294,2
708,1168,1
656,2066,2
119,2222,1
592,1824,1
28,439,4
662,786,4
682,2591,4
431,650,5
754,1181,5
360,2931,4
771,2818,5
929,186,1
268,2473,2
431,585,3
210,770,4
416,2967,3
586,1792,2
258,2816,2
547,1125,3
702,247,3
181,2388,2
767,1557,4
544,1981,3
543,935,4
178,2285,3
843,972,1
863,986,4
819,301,3
968,625,2
482,2778,4
964,213,4
616,724,3
177,2236,4
965,1972,2
548,2301,4
144,1801,5
535,1692,1
150,491,3
381,1844,5
742,110,3
841,756,5
442,1564,5
285,1500,4
513,399,2
304,2966,3
676,417,4
40,524,3
642,1206,3
181,770,1
20,58,2
60,1605,2
56,974,4
740,2495,4
552,151,5
455,2159,3
710,1086,1
378,779,2
739,2740,3
103,1158,2
404,1614,2
280,1671,4
81,1314,1
172,2567,2
471,2501,5
754,2212,3
93,690,2
479,469,5
510,1426,5
525,2174,5
544,1717,1
169,2866,3
306,289,4
936,2753,1
211,2131,3
726,2703,5
463,323,1
480,572,3
169,1364,2
729,1313,3
951,566,3
802,1167,1
329,1475,2
873,1610,1
82,2234,3
958,2992,4
151,1371,3
247,1012,4
18,2914,4
456,1158,2
496,1440,2
228,353,3
86,1679,5
211,530,4
606,877,2
847,1191,5
330,2718,2
658,2758,3
477,2232,3
729,571,2
483,1582,4
505,1139,4
334,1224,2
211,2081,2
940,1401,3
667,1335,3
628,2983,4
517,2572,4
47,2015,2
184,421,2
230,1004,2
779,35,2
651,2053,2
730,1093,4
778,458,1
563,987,2
897,2749,5
10,694,1
74,2519,3
646,1264,5
598,1655,1
509,1490,4
159,1912,3
220,2670,1
688,2862,2
325,1514,4
906,362,3
762,1477,1
491,1335,2
231,1552,3
842,2568,4
463,167,2
105,1611,1
659,1856,2
417,2917,4
167,2601,1
77,1326,2
860,1927,2
105,231,4
929,1743,5
956,60,3
283,1373,5
917,1651,1
415,721,4
5,801,5
241,2831,3
212,2366,3
648,665,4
646,951,4
584,716,2
238,467,4
223,2919,3
368,1385,4
269,623,4
878,1659,2
97,1816,2
589,2023,2
863,2505,3
945,716,2
789,940,4
139,1218,2
515,1066,4
998,2361,4
974,683,2
925,531,4
597,1642,3
432,2530,4
501,680,3
975,2853,1
973,1584,4
965,2299,4
454,369,4
7,225,5
459,1525,4
902,2873,5
82,1112,4
71,2666,4
890,145,4
580,1652,4
9,1719,3
389,2262,5
385,523,4
617,2079,2
410,2107,4
308,242,2
276,388,1
594,2883,5
396,365,1
693,2979,2
581,2072,3
690,2991,1
278,2741,2
744,1804,4
769,324,4
904,2713,4
608,2136,4
226,113,5
884,1174,3
123,2679,3
225,926,2
214,2742,4
90,2494,2
338,206,4
76,1681,1
530,2898,4
579,2163,3
662,2243,3
556,1739,3
613,1306,5
844,1675,4
845,2206,2
47,2501,1
317,2115,4
977,735,1
314,366,2
574,2721,4
985,1700,2
609,2673,1
635,471,2
95,34,2
771,2879,5
665,78,4
680,2023,2
570,456,4
719,2373,5
417,2164,5
896,2241,5
101,1986,3
587,1944,3
369,2147,1
373,1241,3
876,1990,1
355,258,3
730,66,2
581,2806,1
93,1953,3
866,2226,1
620,2250,2
448,469,4
538,986,3
254,666,4
35,1099,4
277,2351,2
216,2216,5
996,136,2
856,1009,2
231,836,3
784,662,5
691,944,3
807,2962,4
799,1868,2
999,1723,4
596,1690,4
414,1390,1
365,1581,5
148,1972,3
411,2297,2
631,2642,4
857,2456,2
961,189,2
566,1698,3
513,2418,2
738,1761,1
91,2448,4
537,2816,3
31,785,3
10,2878,2
905,2044,2
681,2694,3
14,715,2
107,9,3
207,2810,3
31,2166,4
276,2230,4
716,803,2
278,2092,2
41,2118,5
377,2598,4
81,1991,5
998,1928,3
692,599,5
299,393,5
369,1873,2
701,1732,3
538,1526,2
